{"spot_diameter_fullres": 141.9352726407949, "tissue_hires_scalef": 0.11682243, "fiducial_diameter_fullres": 229.28005580436098, "tissue_lowres_scalef": 0.03504673}